data,Hari
0,1
1,2
2,3
3,4
4,5
5,6
6,7
7,8
8,9
9,10
10,11
11,12
12,13
13,14
14,15
15,16
16,17
17,18
18,19
19,20
20,21
21,22
22,23
23,24
24,25
25,26
26,27
27,28
28,29
29,30
30,31
31,32
32,33
33,34
34,35
35,36
36,37
37,38
38,39
39,40
40,41
41,42
42,43
43,44
44,45
45,46
46,47
47,48
48,49
49,50
50,1
51,2
52,3
53,4
54,5
55,6
56,7
57,8
58,9
59,10
60,11
61,12
62,13
63,14
64,15
65,16
66,17
67,18
68,19
69,20
70,21
71,22
72,23
73,24
74,25
75,26
76,27
77,28
78,29
79,30
80,31
81,32
82,33
83,34
84,35
85,36
86,37
87,38
88,39
89,40
90,41
91,42
92,43
93,44
94,45
95,46
96,47
97,48
98,49
99,50
100,1
101,2
102,3
103,4
104,5
105,6
106,7
107,8
108,9
109,10
110,11
111,12
112,13
113,14
114,15
115,16
116,17
117,18
118,19
119,20
120,21
121,22
122,23
123,24
124,25
125,26
126,27
127,28
128,29
129,30
130,31
131,32
132,33
133,34
134,35
135,36
136,37
137,38
138,39
139,40
140,41
141,42
142,43
143,44
144,45
145,46
146,47
147,48
148,49
149,50
150,1
151,2
152,3
153,4
154,5
155,6
156,7
157,8
158,9
159,10
160,11
161,12
162,13
163,14
164,15
165,16
166,17
167,18
168,19
169,20
170,21
171,22
172,23
173,24
174,25
175,26
176,27
177,28
178,29
179,30
180,31
181,32
182,33
183,34
184,35
185,36
186,37
187,38
188,39
189,40
190,41
191,42
192,43
193,44
194,45
195,46
196,47
197,48
198,49
199,50
200,1
201,2
202,3
203,4
204,5
205,6
206,7
207,8
208,9
209,10
210,11
211,12
212,13
213,14
214,15
215,16
216,17
217,18
218,19
219,20
220,21
221,22
222,23
223,24
224,25
225,26
226,27
227,28
228,29
229,30
230,31
231,32
232,33
233,34
234,35
235,36
236,37
237,38
238,39
239,40
240,41
241,42
242,43
243,44
244,45
245,46
246,47
247,48
248,49
249,50
250,1
251,2
252,3
253,4
254,5
255,6
256,7
257,8
258,9
259,10
260,11
261,12
262,13
263,14
264,15
265,16
266,17
267,18
268,19
269,20
270,21
271,22
272,23
273,24
274,25
275,26
276,27
277,28
278,29
279,30
280,31
281,32
282,33
283,34
284,35
285,36
286,37
287,38
288,39
289,40
290,41
291,42
292,43
293,44
294,45
295,46
296,47
297,48
298,49
299,50
300,1
301,2
302,3
303,4
304,5
305,6
306,7
307,8
308,9
309,10
310,11
311,12
312,13
313,14
314,15
315,16
316,17
317,18
318,19
319,20
320,21
321,22
322,23
323,24
324,25
325,26
326,27
327,28
328,29
329,30
330,31
331,32
332,33
333,34
334,35
335,36
336,37
337,38
338,39
339,40
340,41
341,42
342,43
343,44
344,45
345,46
346,47
347,48
348,49
349,50
350,1
351,2
352,3
353,4
354,5
355,6
356,7
357,8
358,9
359,10
360,11
361,12
362,13
363,14
364,15
365,16
366,17
367,18
368,19
369,20
370,21
371,22
372,23
373,24
374,25
375,26
376,27
377,28
378,29
379,30
380,31
381,32
382,33
383,34
384,35
385,36
386,37
387,38
388,39
389,40
390,41
391,42
392,43
393,44
394,45
395,46
396,47
397,48
398,49
399,50
400,1
401,2
402,3
403,4
404,5
405,6
406,7
407,8
408,9
409,10
410,11
411,12
412,13
413,14
414,15
415,16
416,17
417,18
418,19
419,20
420,21
421,22
422,23
423,24
424,25
425,26
426,27
427,28
428,29
429,30
430,31
431,32
432,33
433,34
434,35
435,36
436,37
437,38
438,39
439,40
440,41
441,42
442,43
443,44
444,45
445,46
446,47
447,48
448,49
449,50
450,1
451,2
452,3
453,4
454,5
455,6
456,7
457,8
458,9
459,10
460,11
461,12
462,13
463,14
464,15
465,16
466,17
467,18
468,19
469,20
470,21
471,22
472,23
473,24
474,25
475,26
476,27
477,28
478,29
479,30
480,31
481,32
482,33
483,34
484,35
485,36
486,37
487,38
488,39
489,40
490,41
491,42
492,43
493,44
494,45
495,46
496,47
497,48
498,49
499,50
500,1
501,2
502,3
503,4
504,5
505,6
506,7
507,8
508,9
509,10
510,11
511,12
512,13
513,14
514,15
515,16
516,17
517,18
518,19
519,20
520,21
521,22
522,23
523,24
524,25
525,26
526,27
527,28
528,29
529,30
530,31
531,32
532,33
533,34
534,35
535,36
536,37
537,38
538,39
539,40
540,41
541,42
542,43
543,44
544,45
545,46
546,47
547,48
548,49
549,50
550,1
551,2
552,3
553,4
554,5
555,6
556,7
557,8
558,9
559,10
560,11
561,12
562,13
563,14
564,15
565,16
566,17
567,18
568,19
569,20
570,21
571,22
572,23
573,24
574,25
575,26
576,27
577,28
578,29
579,30
580,31
581,32
582,33
583,34
584,35
585,36
586,37
587,38
588,39
589,40
590,41
591,42
592,43
593,44
594,45
595,46
596,47
597,48
598,49
599,50
600,1
601,2
602,3
603,4
604,5
605,6
606,7
607,8
608,9
609,10
610,11
611,12
612,13
613,14
614,15
615,16
616,17
617,18
618,19
619,20
620,21
621,22
622,23
623,24
624,25
625,26
626,27
627,28
628,29
629,30
630,31
631,32
632,33
633,34
634,35
635,36
636,37
637,38
638,39
639,40
640,41
641,42
642,43
643,44
644,45
645,46
646,47
647,48
648,49
649,50
650,1
651,2
652,3
653,4
654,5
655,6
656,7
657,8
658,9
659,10
660,11
661,12
662,13
663,14
664,15
665,16
666,17
667,18
668,19
669,20
670,21
671,22
672,23
673,24
674,25
675,26
676,27
677,28
678,29
679,30
680,31
681,32
682,33
683,34
684,35
685,36
686,37
687,38
688,39
689,40
690,41
691,42
692,43
693,44
694,45
695,46
696,47
697,48
698,49
699,50
700,1
701,2
702,3
703,4
704,5
705,6
706,7
707,8
708,9
709,10
710,11
711,12
712,13
713,14
714,15
715,16
716,17
717,18
718,19
719,20
720,21
721,22
722,23
723,24
724,25
725,26
726,27
727,28
728,29
729,30
730,31
731,32
732,33
733,34
734,35
735,36
736,37
737,38
738,39
739,40
740,41
741,42
742,43
743,44
744,45
745,46
746,47
747,48
748,49
749,50
750,1
751,2
752,3
753,4
754,5
755,6
756,7
757,8
758,9
759,10
760,11
761,12
762,13
763,14
764,15
765,16
766,17
767,18
768,19
769,20
770,21
771,22
772,23
773,24
774,25
775,26
776,27
777,28
778,29
779,30
780,31
781,32
782,33
783,34
784,35
785,36
786,37
787,38
788,39
789,40
790,41
791,42
792,43
793,44
794,45
795,46
796,47
797,48
798,49
799,50
800,1
801,2
802,3
803,4
804,5
805,6
806,7
807,8
808,9
809,10
810,11
811,12
812,13
813,14
814,15
815,16
816,17
817,18
818,19
819,20
820,21
821,22
822,23
823,24
824,25
825,26
826,27
827,28
828,29
829,30
830,31
831,32
832,33
833,34
834,35
835,36
836,37
837,38
838,39
839,40
840,41
841,42
842,43
843,44
844,45
845,46
846,47
847,48
848,49
849,50
850,1
851,2
852,3
853,4
854,5
855,6
856,7
857,8
858,9
859,10
860,11
861,12
862,13
863,14
864,15
865,16
866,17
867,18
868,19
869,20
870,21
871,22
872,23
873,24
874,25
875,26
876,27
877,28
878,29
879,30
880,31
881,32
882,33
883,34
884,35
885,36
886,37
887,38
888,39
889,40
890,41
891,42
892,43
893,44
894,45
895,46
896,47
897,48
898,49
899,50
900,1
901,2
902,3
903,4
904,5
905,6
906,7
907,8
908,9
909,10
910,11
911,12
912,13
913,14
914,15
915,16
916,17
917,18
918,19
919,20
920,21
921,22
922,23
923,24
924,25
925,26
926,27
927,28
928,29
929,30
930,31
931,32
932,33
933,34
934,35
935,36
936,37
937,38
938,39
939,40
940,41
941,42
942,43
943,44
944,45
945,46
946,47
947,48
948,49
949,50
950,1
951,2
952,3
953,4
954,5
955,6
956,7
957,8
958,9
959,10
960,11
961,12
962,13
963,14
964,15
965,16
966,17
967,18
968,19
969,20
970,21
971,22
972,23
973,24
974,25
975,26
976,27
977,28
978,29
979,30
980,31
981,32
982,33
983,34
984,35
985,36
986,37
987,38
988,39
989,40
990,41
991,42
992,43
993,44
994,45
995,46
996,47
997,48
998,49
999,50
1000,1
1001,2
1002,3
1003,4
1004,5
1005,6
1006,7
1007,8
1008,9
1009,10
1010,11
1011,12
1012,13
1013,14
1014,15
1015,16
1016,17
1017,18
1018,19
1019,20
1020,21
1021,22
1022,23
1023,24
1024,25
1025,26
1026,27
1027,28
1028,29
1029,30
1030,31
1031,32
1032,33
1033,34
1034,35
1035,36
1036,37
1037,38
1038,39
1039,40
1040,41
1041,42
1042,43
1043,44
1044,45
1045,46
1046,47
1047,48
1048,49
1049,50
1050,1
1051,2
1052,3
1053,4
1054,5
1055,6
1056,7
1057,8
1058,9
1059,10
1060,11
1061,12
1062,13
1063,14
1064,15
1065,16
1066,17
1067,18
1068,19
1069,20
1070,21
1071,22
1072,23
1073,24
1074,25
1075,26
1076,27
1077,28
1078,29
1079,30
1080,31
1081,32
1082,33
1083,34
1084,35
1085,36
1086,37
1087,38
1088,39
1089,40
1090,41
1091,42
1092,43
1093,44
1094,45
1095,46
1096,47
1097,48
1098,49
1099,50
1100,1
1101,2
1102,3
1103,4
1104,5
1105,6
1106,7
1107,8
1108,9
1109,10
1110,11
1111,12
1112,13
1113,14
1114,15
1115,16
1116,17
1117,18
1118,19
1119,20
1120,21
1121,22
1122,23
1123,24
1124,25
1125,26
1126,27
1127,28
1128,29
1129,30
1130,31
1131,32
1132,33
1133,34
1134,35
1135,36
1136,37
1137,38
1138,39
1139,40
1140,41
1141,42
1142,43
1143,44
1144,45
1145,46
1146,47
1147,48
1148,49
1149,50
1150,1
1151,2
1152,3
1153,4
1154,5
1155,6
1156,7
1157,8
1158,9
1159,10
1160,11
1161,12
1162,13
1163,14
1164,15
1165,16
1166,17
1167,18
1168,19
1169,20
1170,21
1171,22
1172,23
1173,24
1174,25
1175,26
1176,27
1177,28
1178,29
1179,30
1180,31
1181,32
1182,33
1183,34
1184,35
1185,36
1186,37
1187,38
1188,39
1189,40
1190,41
1191,42
1192,43
1193,44
1194,45
1195,46
1196,47
1197,48
1198,49
1199,50
1200,1
1201,2
1202,3
1203,4
1204,5
1205,6
1206,7
1207,8
1208,9
1209,10
1210,11
1211,12
1212,13
1213,14
1214,15
1215,16
1216,17
1217,18
1218,19
1219,20
1220,21
1221,22
1222,23
1223,24
1224,25
1225,26
1226,27
1227,28
1228,29
1229,30
1230,31
1231,32
1232,33
1233,34
1234,35
1235,36
1236,37
1237,38
1238,39
1239,40
1240,41
1241,42
1242,43
1243,44
1244,45
1245,46
1246,47
1247,48
1248,49
1249,50
1250,1
1251,2
1252,3
1253,4
1254,5
1255,6
1256,7
1257,8
1258,9
1259,10
1260,11
1261,12
1262,13
1263,14
1264,15
1265,16
1266,17
1267,18
1268,19
1269,20
1270,21
1271,22
1272,23
1273,24
1274,25
1275,26
1276,27
1277,28
1278,29
1279,30
1280,31
1281,32
1282,33
1283,34
1284,35
1285,36
1286,37
1287,38
1288,39
1289,40
1290,41
1291,42
1292,43
1293,44
1294,45
1295,46
1296,47
1297,48
1298,49
1299,50
1300,1
1301,2
1302,3
1303,4
1304,5
1305,6
1306,7
1307,8
1308,9
1309,10
1310,11
1311,12
1312,13
1313,14
1314,15
1315,16
1316,17
1317,18
1318,19
1319,20
1320,21
1321,22
1322,23
1323,24
1324,25
1325,26
1326,27
1327,28
1328,29
1329,30
1330,31
1331,32
1332,33
1333,34
1334,35
1335,36
1336,37
1337,38
1338,39
1339,40
1340,41
1341,42
1342,43
1343,44
1344,45
1345,46
1346,47
1347,48
1348,49
1349,50
1350,1
1351,2
1352,3
1353,4
1354,5
1355,6
1356,7
1357,8
1358,9
1359,10
1360,11
1361,12
1362,13
1363,14
1364,15
1365,16
1366,17
1367,18
1368,19
1369,20
1370,21
1371,22
1372,23
1373,24
1374,25
1375,26
1376,27
1377,28
1378,29
1379,30
1380,31
1381,32
1382,33
1383,34
1384,35
1385,36
1386,37
1387,38
1388,39
1389,40
1390,41
1391,42
1392,43
1393,44
1394,45
1395,46
1396,47
1397,48
1398,49
1399,50
1400,1
1401,2
1402,3
1403,4
1404,5
1405,6
1406,7
1407,8
1408,9
1409,10
1410,11
1411,12
1412,13
1413,14
1414,15
1415,16
1416,17
1417,18
1418,19
1419,20
1420,21
1421,22
1422,23
1423,24
1424,25
1425,26
1426,27
1427,28
1428,29
1429,30
1430,31
1431,32
1432,33
1433,34
1434,35
1435,36
1436,37
1437,38
1438,39
1439,40
1440,41
1441,42
1442,43
1443,44
1444,45
1445,46
1446,47
1447,48
1448,49
1449,50
1450,1
1451,2
1452,3
1453,4
1454,5
1455,6
1456,7
1457,8
1458,9
1459,10
1460,11
1461,12
1462,13
1463,14
1464,15
1465,16
1466,17
1467,18
1468,19
1469,20
1470,21
1471,22
1472,23
1473,24
1474,25
1475,26
1476,27
1477,28
1478,29
1479,30
1480,31
1481,32
1482,33
1483,34
1484,35
1485,36
1486,37
1487,38
1488,39
1489,40
1490,41
1491,42
1492,43
1493,44
1494,45
1495,46
1496,47
1497,48
1498,49
1499,50
1500,1
1501,2
1502,3
1503,4
1504,5
1505,6
1506,7
1507,8
1508,9
1509,10
1510,11
1511,12
1512,13
1513,14
1514,15
1515,16
1516,17
1517,18
1518,19
1519,20
1520,21
1521,22
1522,23
1523,24
1524,25
1525,26
1526,27
1527,28
1528,29
1529,30
1530,31
1531,32
1532,33
1533,34
1534,35
1535,36
1536,37
1537,38
1538,39
1539,40
1540,41
1541,42
1542,43
1543,44
1544,45
1545,46
1546,47
1547,48
1548,49
1549,50
1550,1
1551,2
1552,3
1553,4
1554,5
1555,6
1556,7
1557,8
1558,9
1559,10
1560,11
1561,12
1562,13
1563,14
1564,15
1565,16
1566,17
1567,18
1568,19
1569,20
1570,21
1571,22
1572,23
1573,24
1574,25
1575,26
1576,27
1577,28
1578,29
1579,30
1580,31
1581,32
1582,33
1583,34
1584,35
1585,36
1586,37
1587,38
1588,39
1589,40
1590,41
1591,42
1592,43
1593,44
1594,45
1595,46
1596,47
1597,48
1598,49
1599,50
1600,1
1601,2
1602,3
1603,4
1604,5
1605,6
1606,7
1607,8
1608,9
1609,10
1610,11
1611,12
1612,13
1613,14
1614,15
1615,16
1616,17
1617,18
1618,19
1619,20
1620,21
1621,22
1622,23
1623,24
1624,25
1625,26
1626,27
1627,28
1628,29
1629,30
1630,31
1631,32
1632,33
1633,34
1634,35
1635,36
1636,37
1637,38
1638,39
1639,40
1640,41
1641,42
1642,43
1643,44
1644,45
1645,46
1646,47
1647,48
1648,49
1649,50
1650,1
1651,2
1652,3
1653,4
1654,5
1655,6
1656,7
1657,8
1658,9
1659,10
1660,11
1661,12
1662,13
1663,14
1664,15
1665,16
1666,17
1667,18
1668,19
1669,20
1670,21
1671,22
1672,23
1673,24
1674,25
1675,26
1676,27
1677,28
1678,29
1679,30
1680,31
1681,32
1682,33
1683,34
1684,35
1685,36
1686,37
1687,38
1688,39
1689,40
1690,41
1691,42
1692,43
1693,44
1694,45
1695,46
1696,47
1697,48
1698,49
1699,50
1700,1
1701,2
1702,3
1703,4
1704,5
1705,6
1706,7
1707,8
1708,9
1709,10
1710,11
1711,12
1712,13
1713,14
1714,15
1715,16
1716,17
1717,18
1718,19
1719,20
1720,21
1721,22
1722,23
1723,24
1724,25
1725,26
1726,27
1727,28
1728,29
1729,30
1730,31
1731,32
1732,33
1733,34
1734,35
1735,36
1736,37
1737,38
1738,39
1739,40
1740,41
1741,42
1742,43
1743,44
1744,45
1745,46
1746,47
1747,48
1748,49
1749,50
1750,1
1751,2
1752,3
1753,4
1754,5
1755,6
1756,7
1757,8
1758,9
1759,10
1760,11
1761,12
1762,13
1763,14
1764,15
1765,16
1766,17
1767,18
1768,19
1769,20
1770,21
1771,22
1772,23
1773,24
1774,25
1775,26
1776,27
1777,28
1778,29
1779,30
1780,31
1781,32
1782,33
1783,34
1784,35
1785,36
1786,37
1787,38
1788,39
1789,40
1790,41
1791,42
1792,43
1793,44
1794,45
1795,46
1796,47
1797,48
1798,49
1799,50
1800,1
1801,2
1802,3
1803,4
1804,5
1805,6
1806,7
1807,8
1808,9
1809,10
1810,11
1811,12
1812,13
1813,14
1814,15
1815,16
1816,17
1817,18
1818,19
1819,20
1820,21
1821,22
1822,23
1823,24
1824,25
1825,26
1826,27
1827,28
1828,29
1829,30
1830,31
1831,32
1832,33
1833,34
1834,35
1835,36
1836,37
1837,38
1838,39
1839,40
1840,41
1841,42
1842,43
1843,44
1844,45
1845,46
1846,47
1847,48
1848,49
1849,50
1850,1
1851,2
1852,3
1853,4
1854,5
1855,6
1856,7
1857,8
1858,9
1859,10
1860,11
1861,12
1862,13
1863,14
1864,15
1865,16
1866,17
1867,18
1868,19
1869,20
1870,21
1871,22
1872,23
1873,24
1874,25
1875,26
1876,27
1877,28
1878,29
1879,30
1880,31
1881,32
1882,33
1883,34
1884,35
1885,36
1886,37
1887,38
1888,39
1889,40
1890,41
1891,42
1892,43
1893,44
1894,45
1895,46
1896,47
1897,48
1898,49
1899,50
1900,1
1901,2
1902,3
1903,4
1904,5
1905,6
1906,7
1907,8
1908,9
1909,10
1910,11
1911,12
1912,13
1913,14
1914,15
1915,16
1916,17
1917,18
1918,19
1919,20
1920,21
1921,22
1922,23
1923,24
1924,25
1925,26
1926,27
1927,28
1928,29
1929,30
1930,31
1931,32
1932,33
1933,34
1934,35
1935,36
1936,37
1937,38
1938,39
1939,40
1940,41
1941,42
1942,43
1943,44
1944,45
1945,46
1946,47
1947,48
1948,49
1949,50
1950,1
1951,2
1952,3
1953,4
1954,5
1955,6
1956,7
1957,8
1958,9
1959,10
1960,11
1961,12
1962,13
1963,14
1964,15
1965,16
1966,17
1967,18
1968,19
1969,20
1970,21
1971,22
1972,23
1973,24
1974,25
1975,26
1976,27
1977,28
1978,29
1979,30
1980,31
1981,32
1982,33
1983,34
1984,35
1985,36
1986,37
1987,38
1988,39
1989,40
1990,41
1991,42
1992,43
1993,44
1994,45
1995,46
1996,47
1997,48
1998,49
1999,50
2000,1
2001,2
2002,3
2003,4
2004,5
2005,6
2006,7
2007,8
2008,9
2009,10
2010,11
2011,12
2012,13
2013,14
2014,15
2015,16
2016,17
2017,18
2018,19
2019,20
2020,21
2021,22
2022,23
2023,24
2024,25
2025,26
2026,27
2027,28
2028,29
2029,30
2030,31
2031,32
2032,33
2033,34
2034,35
2035,36
2036,37
2037,38
2038,39
2039,40
2040,41
2041,42
2042,43
2043,44
2044,45
2045,46
2046,47
2047,48
2048,49
2049,50
2050,1
2051,2
2052,3
2053,4
2054,5
2055,6
2056,7
2057,8
2058,9
2059,10
2060,11
2061,12
2062,13
2063,14
2064,15
2065,16
2066,17
2067,18
2068,19
2069,20
2070,21
2071,22
2072,23
2073,24
2074,25
2075,26
2076,27
2077,28
2078,29
2079,30
2080,31
2081,32
2082,33
2083,34
2084,35
2085,36
2086,37
2087,38
2088,39
2089,40
2090,41
2091,42
2092,43
2093,44
2094,45
2095,46
2096,47
2097,48
2098,49
2099,50
2100,1
2101,2
2102,3
2103,4
2104,5
2105,6
2106,7
2107,8
2108,9
2109,10
2110,11
2111,12
2112,13
2113,14
2114,15
2115,16
2116,17
2117,18
2118,19
2119,20
2120,21
2121,22
2122,23
2123,24
2124,25
2125,26
2126,27
2127,28
2128,29
2129,30
2130,31
2131,32
2132,33
2133,34
2134,35
2135,36
2136,37
2137,38
2138,39
2139,40
2140,41
2141,42
2142,43
2143,44
2144,45
2145,46
2146,47
2147,48
2148,49
2149,50
2150,1
2151,2
2152,3
2153,4
2154,5
2155,6
2156,7
2157,8
2158,9
2159,10
2160,11
2161,12
2162,13
2163,14
2164,15
2165,16
2166,17
2167,18
2168,19
2169,20
2170,21
2171,22
2172,23
2173,24
2174,25
2175,26
2176,27
2177,28
2178,29
2179,30
2180,31
2181,32
2182,33
2183,34
2184,35
2185,36
2186,37
2187,38
2188,39
2189,40
2190,41
2191,42
2192,43
2193,44
2194,45
2195,46
2196,47
2197,48
2198,49
2199,50
2200,1
2201,2
2202,3
2203,4
2204,5
2205,6
2206,7
2207,8
2208,9
2209,10
2210,11
2211,12
2212,13
2213,14
2214,15
2215,16
2216,17
2217,18
2218,19
2219,20
2220,21
2221,22
2222,23
2223,24
2224,25
2225,26
2226,27
2227,28
2228,29
2229,30
2230,31
2231,32
2232,33
2233,34
2234,35
2235,36
2236,37
2237,38
2238,39
2239,40
2240,41
2241,42
2242,43
2243,44
2244,45
2245,46
2246,47
2247,48
2248,49
2249,50
2250,1
2251,2
2252,3
2253,4
2254,5
2255,6
2256,7
2257,8
2258,9
2259,10
2260,11
2261,12
2262,13
2263,14
2264,15
2265,16
2266,17
2267,18
2268,19
2269,20
2270,21
2271,22
2272,23
2273,24
2274,25
2275,26
2276,27
2277,28
2278,29
2279,30
2280,31
2281,32
2282,33
2283,34
2284,35
2285,36
2286,37
2287,38
2288,39
2289,40
2290,41
2291,42
2292,43
2293,44
2294,45
2295,46
2296,47
2297,48
2298,49
2299,50
2300,1
2301,2
2302,3
2303,4
2304,5
2305,6
2306,7
2307,8
2308,9
2309,10
2310,11
2311,12
2312,13
2313,14
2314,15
2315,16
2316,17
2317,18
2318,19
2319,20
2320,21
2321,22
2322,23
2323,24
2324,25
2325,26
2326,27
2327,28
2328,29
2329,30
2330,31
2331,32
2332,33
2333,34
2334,35
2335,36
2336,37
2337,38
2338,39
2339,40
2340,41
2341,42
2342,43
2343,44
2344,45
2345,46
2346,47
2347,48
2348,49
2349,50
2350,1
2351,2
2352,3
2353,4
2354,5
2355,6
2356,7
2357,8
2358,9
2359,10
2360,11
2361,12
2362,13
2363,14
2364,15
2365,16
2366,17
2367,18
2368,19
2369,20
2370,21
2371,22
2372,23
2373,24
2374,25
2375,26
2376,27
2377,28
2378,29
2379,30
2380,31
2381,32
2382,33
2383,34
2384,35
2385,36
2386,37
2387,38
2388,39
2389,40
2390,41
2391,42
2392,43
2393,44
2394,45
2395,46
2396,47
2397,48
2398,49
2399,50
2400,1
2401,2
2402,3
2403,4
2404,5
2405,6
2406,7
2407,8
2408,9
2409,10
2410,11
2411,12
2412,13
2413,14
2414,15
2415,16
2416,17
2417,18
2418,19
2419,20
2420,21
2421,22
2422,23
2423,24
2424,25
2425,26
2426,27
2427,28
2428,29
2429,30
2430,31
2431,32
2432,33
2433,34
2434,35
2435,36
2436,37
2437,38
2438,39
2439,40
2440,41
2441,42
2442,43
2443,44
2444,45
2445,46
2446,47
2447,48
2448,49
2449,50
2450,1
2451,2
2452,3
2453,4
2454,5
2455,6
2456,7
2457,8
2458,9
2459,10
2460,11
2461,12
2462,13
2463,14
2464,15
2465,16
2466,17
2467,18
2468,19
2469,20
2470,21
2471,22
2472,23
2473,24
2474,25
2475,26
2476,27
2477,28
2478,29
2479,30
2480,31
2481,32
2482,33
2483,34
2484,35
2485,36
2486,37
2487,38
2488,39
2489,40
2490,41
2491,42
2492,43
2493,44
2494,45
2495,46
2496,47
2497,48
2498,49
2499,50
2500,1
2501,2
2502,3
2503,4
2504,5
2505,6
2506,7
2507,8
2508,9
2509,10
2510,11
2511,12
2512,13
2513,14
2514,15
2515,16
2516,17
2517,18
2518,19
2519,20
2520,21
2521,22
2522,23
2523,24
2524,25
2525,26
2526,27
2527,28
2528,29
2529,30
2530,31
2531,32
2532,33
2533,34
2534,35
2535,36
2536,37
2537,38
2538,39
2539,40
2540,41
2541,42
2542,43
2543,44
2544,45
2545,46
2546,47
2547,48
2548,49
2549,50
2550,1
2551,2
2552,3
2553,4
2554,5
2555,6
2556,7
2557,8
2558,9
2559,10
2560,11
2561,12
2562,13
2563,14
2564,15
2565,16
2566,17
2567,18
2568,19
2569,20
2570,21
2571,22
2572,23
2573,24
2574,25
2575,26
2576,27
2577,28
2578,29
2579,30
2580,31
2581,32
2582,33
2583,34
2584,35
2585,36
2586,37
2587,38
2588,39
2589,40
2590,41
2591,42
2592,43
2593,44
2594,45
2595,46
2596,47
2597,48
2598,49
2599,50
2600,1
2601,2
2602,3
2603,4
2604,5
2605,6
2606,7
2607,8
2608,9
2609,10
2610,11
2611,12
2612,13
2613,14
2614,15
2615,16
2616,17
2617,18
2618,19
2619,20
2620,21
2621,22
2622,23
2623,24
2624,25
2625,26
2626,27
2627,28
2628,29
2629,30
2630,31
2631,32
2632,33
2633,34
2634,35
2635,36
2636,37
2637,38
2638,39
2639,40
2640,41
2641,42
2642,43
2643,44
2644,45
2645,46
2646,47
2647,48
2648,49
2649,50
2650,1
2651,2
2652,3
2653,4
2654,5
2655,6
2656,7
2657,8
2658,9
2659,10
2660,11
2661,12
2662,13
2663,14
2664,15
2665,16
2666,17
2667,18
2668,19
2669,20
2670,21
2671,22
2672,23
2673,24
2674,25
2675,26
2676,27
2677,28
2678,29
2679,30
2680,31
2681,32
2682,33
2683,34
2684,35
2685,36
2686,37
2687,38
2688,39
2689,40
2690,41
2691,42
2692,43
2693,44
2694,45
2695,46
2696,47
2697,48
2698,49
2699,50
2700,1
2701,2
2702,3
2703,4
2704,5
2705,6
2706,7
2707,8
2708,9
2709,10
2710,11
2711,12
2712,13
2713,14
2714,15
2715,16
2716,17
2717,18
2718,19
2719,20
2720,21
2721,22
2722,23
2723,24
2724,25
2725,26
2726,27
2727,28
2728,29
2729,30
2730,31
2731,32
2732,33
2733,34
2734,35
2735,36
2736,37
2737,38
2738,39
2739,40
2740,41
2741,42
2742,43
2743,44
2744,45
2745,46
2746,47
2747,48
2748,49
2749,50
2750,1
2751,2
2752,3
2753,4
2754,5
2755,6
2756,7
2757,8
2758,9
2759,10
2760,11
2761,12
2762,13
2763,14
2764,15
2765,16
2766,17
2767,18
2768,19
2769,20
2770,21
2771,22
2772,23
2773,24
2774,25
2775,26
2776,27
2777,28
2778,29
2779,30
2780,31
2781,32
2782,33
2783,34
2784,35
2785,36
2786,37
2787,38
2788,39
2789,40
2790,41
2791,42
2792,43
2793,44
2794,45
2795,46
2796,47
2797,48
2798,49
2799,50
2800,1
2801,2
2802,3
2803,4
2804,5
2805,6
2806,7
2807,8
2808,9
2809,10
2810,11
2811,12
2812,13
2813,14
2814,15
2815,16
2816,17
2817,18
2818,19
2819,20
2820,21
2821,22
2822,23
2823,24
2824,25
2825,26
2826,27
2827,28
2828,29
2829,30
2830,31
2831,32
2832,33
2833,34
2834,35
2835,36
2836,37
2837,38
2838,39
2839,40
2840,41
2841,42
2842,43
2843,44
2844,45
2845,46
2846,47
2847,48
2848,49
2849,50
2850,1
2851,2
2852,3
2853,4
2854,5
2855,6
2856,7
2857,8
2858,9
2859,10
2860,11
2861,12
2862,13
2863,14
2864,15
2865,16
2866,17
2867,18
2868,19
2869,20
2870,21
2871,22
2872,23
2873,24
2874,25
2875,26
2876,27
2877,28
2878,29
2879,30
2880,31
2881,32
2882,33
2883,34
2884,35
2885,36
2886,37
2887,38
2888,39
2889,40
2890,41
2891,42
2892,43
2893,44
2894,45
2895,46
2896,47
2897,48
2898,49
2899,50
2900,1
2901,2
2902,3
2903,4
2904,5
2905,6
2906,7
2907,8
2908,9
2909,10
2910,11
2911,12
2912,13
2913,14
2914,15
2915,16
2916,17
2917,18
2918,19
2919,20
2920,21
2921,22
2922,23
2923,24
2924,25
2925,26
2926,27
2927,28
2928,29
2929,30
2930,31
2931,32
2932,33
2933,34
2934,35
2935,36
2936,37
2937,38
2938,39
2939,40
2940,41
2941,42
2942,43
2943,44
2944,45
2945,46
2946,47
2947,48
2948,49
2949,50
2950,1
2951,2
2952,3
2953,4
2954,5
2955,6
2956,7
2957,8
2958,9
2959,10
2960,11
2961,12
2962,13
2963,14
2964,15
2965,16
2966,17
2967,18
2968,19
2969,20
2970,21
2971,22
2972,23
2973,24
2974,25
2975,26
2976,27
2977,28
2978,29
2979,30
2980,31
2981,32
2982,33
2983,34
2984,35
2985,36
2986,37
2987,38
2988,39
2989,40
2990,41
2991,42
2992,43
2993,44
2994,45
2995,46
2996,47
2997,48
2998,49
2999,50
3000,1
3001,2
3002,3
3003,4
3004,5
3005,6
3006,7
3007,8
3008,9
3009,10
3010,11
3011,12
3012,13
3013,14
3014,15
3015,16
3016,17
3017,18
3018,19
3019,20
3020,21
3021,22
3022,23
3023,24
3024,25
3025,26
3026,27
3027,28
3028,29
3029,30
3030,31
3031,32
3032,33
3033,34
3034,35
3035,36
3036,37
3037,38
3038,39
3039,40
3040,41
3041,42
3042,43
3043,44
3044,45
3045,46
3046,47
3047,48
3048,49
3049,50
3050,1
3051,2
3052,3
3053,4
3054,5
3055,6
3056,7
3057,8
3058,9
3059,10
3060,11
3061,12
3062,13
3063,14
3064,15
3065,16
3066,17
3067,18
3068,19
3069,20
3070,21
3071,22
3072,23
3073,24
3074,25
3075,26
3076,27
3077,28
3078,29
3079,30
3080,31
3081,32
3082,33
3083,34
3084,35
3085,36
3086,37
3087,38
3088,39
3089,40
3090,41
3091,42
3092,43
3093,44
3094,45
3095,46
3096,47
3097,48
3098,49
3099,50
3100,1
3101,2
3102,3
3103,4
3104,5
3105,6
3106,7
3107,8
3108,9
3109,10
3110,11
3111,12
3112,13
3113,14
3114,15
3115,16
3116,17
3117,18
3118,19
3119,20
3120,21
3121,22
3122,23
3123,24
3124,25
3125,26
3126,27
3127,28
3128,29
3129,30
3130,31
3131,32
3132,33
3133,34
3134,35
3135,36
3136,37
3137,38
3138,39
3139,40
3140,41
3141,42
3142,43
3143,44
3144,45
3145,46
3146,47
3147,48
3148,49
3149,50
3150,1
3151,2
3152,3
3153,4
3154,5
3155,6
3156,7
3157,8
3158,9
3159,10
3160,11
3161,12
3162,13
3163,14
3164,15
3165,16
3166,17
3167,18
3168,19
3169,20
3170,21
3171,22
3172,23
3173,24
3174,25
3175,26
3176,27
3177,28
3178,29
3179,30
3180,31
3181,32
3182,33
3183,34
3184,35
3185,36
3186,37
3187,38
3188,39
3189,40
3190,41
3191,42
3192,43
3193,44
3194,45
3195,46
3196,47
3197,48
3198,49
3199,50
3200,1
3201,2
3202,3
3203,4
3204,5
3205,6
3206,7
3207,8
3208,9
3209,10
3210,11
3211,12
3212,13
3213,14
3214,15
3215,16
3216,17
3217,18
3218,19
3219,20
3220,21
3221,22
3222,23
3223,24
3224,25
3225,26
3226,27
3227,28
3228,29
3229,30
3230,31
3231,32
3232,33
3233,34
3234,35
3235,36
3236,37
3237,38
3238,39
3239,40
3240,41
3241,42
3242,43
3243,44
3244,45
3245,46
3246,47
3247,48
3248,49
3249,50
3250,1
3251,2
3252,3
3253,4
3254,5
3255,6
3256,7
3257,8
3258,9
3259,10
3260,11
3261,12
3262,13
3263,14
3264,15
3265,16
3266,17
3267,18
3268,19
3269,20
3270,21
3271,22
3272,23
3273,24
3274,25
3275,26
3276,27
3277,28
3278,29
3279,30
3280,31
3281,32
3282,33
3283,34
3284,35
3285,36
3286,37
3287,38
3288,39
3289,40
3290,41
3291,42
3292,43
3293,44
3294,45
3295,46
3296,47
3297,48
3298,49
3299,50
3300,1
3301,2
3302,3
3303,4
3304,5
3305,6
3306,7
3307,8
3308,9
3309,10
3310,11
3311,12
3312,13
3313,14
3314,15
3315,16
3316,17
3317,18
3318,19
3319,20
3320,21
3321,22
3322,23
3323,24
3324,25
3325,26
3326,27
3327,28
3328,29
3329,30
3330,31
3331,32
3332,33
3333,34
3334,35
3335,36
3336,37
3337,38
3338,39
3339,40
3340,41
3341,42
3342,43
3343,44
3344,45
3345,46
3346,47
3347,48
3348,49
3349,50
3350,1
3351,2
3352,3
3353,4
3354,5
3355,6
3356,7
3357,8
3358,9
3359,10
3360,11
3361,12
3362,13
3363,14
3364,15
3365,16
3366,17
3367,18
3368,19
3369,20
3370,21
3371,22
3372,23
3373,24
3374,25
3375,26
3376,27
3377,28
3378,29
3379,30
3380,31
3381,32
3382,33
3383,34
3384,35
3385,36
3386,37
3387,38
3388,39
3389,40
3390,41
3391,42
3392,43
3393,44
3394,45
3395,46
3396,47
3397,48
3398,49
3399,50
3400,1
3401,2
3402,3
3403,4
3404,5
3405,6
3406,7
3407,8
3408,9
3409,10
3410,11
3411,12
3412,13
3413,14
3414,15
3415,16
3416,17
3417,18
3418,19
3419,20
3420,21
3421,22
3422,23
3423,24
3424,25
3425,26
3426,27
3427,28
3428,29
3429,30
3430,31
3431,32
3432,33
3433,34
3434,35
3435,36
3436,37
3437,38
3438,39
3439,40
3440,41
3441,42
3442,43
3443,44
3444,45
3445,46
3446,47
3447,48
3448,49
3449,50
3450,1
3451,2
3452,3
3453,4
3454,5
3455,6
3456,7
3457,8
3458,9
3459,10
3460,11
3461,12
3462,13
3463,14
3464,15
3465,16
3466,17
3467,18
3468,19
3469,20
3470,21
3471,22
3472,23
3473,24
3474,25
3475,26
3476,27
3477,28
3478,29
3479,30
3480,31
3481,32
3482,33
3483,34
3484,35
3485,36
3486,37
3487,38
3488,39
3489,40
3490,41
3491,42
3492,43
3493,44
3494,45
3495,46
3496,47
3497,48
3498,49
3499,50
3500,1
3501,2
3502,3
3503,4
3504,5
3505,6
3506,7
3507,8
3508,9
3509,10
3510,11
3511,12
3512,13
3513,14
3514,15
3515,16
3516,17
3517,18
3518,19
3519,20
3520,21
3521,22
3522,23
3523,24
3524,25
3525,26
3526,27
3527,28
3528,29
3529,30
3530,31
3531,32
3532,33
3533,34
3534,35
3535,36
3536,37
3537,38
3538,39
3539,40
3540,41
3541,42
3542,43
3543,44
3544,45
3545,46
3546,47
3547,48
3548,49
3549,50
3550,1
3551,2
3552,3
3553,4
3554,5
3555,6
3556,7
3557,8
3558,9
3559,10
3560,11
3561,12
3562,13
3563,14
3564,15
3565,16
3566,17
3567,18
3568,19
3569,20
3570,21
3571,22
3572,23
3573,24
3574,25
3575,26
3576,27
3577,28
3578,29
3579,30
3580,31
3581,32
3582,33
3583,34
3584,35
3585,36
3586,37
3587,38
3588,39
3589,40
3590,41
3591,42
3592,43
3593,44
3594,45
3595,46
3596,47
3597,48
3598,49
3599,50
3600,1
3601,2
3602,3
3603,4
3604,5
3605,6
3606,7
3607,8
3608,9
3609,10
3610,11
3611,12
3612,13
3613,14
3614,15
3615,16
3616,17
3617,18
3618,19
3619,20
3620,21
3621,22
3622,23
3623,24
3624,25
3625,26
3626,27
3627,28
3628,29
3629,30
3630,31
3631,32
3632,33
3633,34
3634,35
3635,36
3636,37
3637,38
3638,39
3639,40
3640,41
3641,42
3642,43
3643,44
3644,45
3645,46
3646,47
3647,48
3648,49
3649,50
3650,1
3651,2
3652,3
3653,4
3654,5
3655,6
3656,7
3657,8
3658,9
3659,10
3660,11
3661,12
3662,13
3663,14
3664,15
3665,16
3666,17
3667,18
3668,19
3669,20
3670,21
3671,22
3672,23
3673,24
3674,25
3675,26
3676,27
3677,28
3678,29
3679,30
3680,31
3681,32
3682,33
3683,34
3684,35
3685,36
3686,37
3687,38
3688,39
3689,40
3690,41
3691,42
3692,43
3693,44
3694,45
3695,46
3696,47
3697,48
3698,49
3699,50
3700,1
3701,2
3702,3
3703,4
3704,5
3705,6
3706,7
3707,8
3708,9
3709,10
3710,11
3711,12
3712,13
3713,14
3714,15
3715,16
3716,17
3717,18
3718,19
3719,20
3720,21
3721,22
3722,23
3723,24
3724,25
3725,26
3726,27
3727,28
3728,29
3729,30
3730,31
3731,32
3732,33
3733,34
3734,35
3735,36
3736,37
3737,38
3738,39
3739,40
3740,41
3741,42
3742,43
3743,44
3744,45
3745,46
3746,47
3747,48
3748,49
3749,50
3750,1
3751,2
3752,3
3753,4
3754,5
3755,6
3756,7
3757,8
3758,9
3759,10
3760,11
3761,12
3762,13
3763,14
3764,15
3765,16
3766,17
3767,18
3768,19
3769,20
3770,21
3771,22
3772,23
3773,24
3774,25
3775,26
3776,27
3777,28
3778,29
3779,30
3780,31
3781,32
3782,33
3783,34
3784,35
3785,36
3786,37
3787,38
3788,39
3789,40
3790,41
3791,42
3792,43
3793,44
3794,45
3795,46
3796,47
3797,48
3798,49
3799,50
3800,1
3801,2
3802,3
3803,4
3804,5
3805,6
3806,7
3807,8
3808,9
3809,10
3810,11
3811,12
3812,13
3813,14
3814,15
3815,16
3816,17
3817,18
3818,19
3819,20
3820,21
3821,22
3822,23
3823,24
3824,25
3825,26
3826,27
3827,28
3828,29
3829,30
3830,31
3831,32
3832,33
3833,34
3834,35
3835,36
3836,37
3837,38
3838,39
3839,40
3840,41
3841,42
3842,43
3843,44
3844,45
3845,46
3846,47
3847,48
3848,49
3849,50
3850,1
3851,2
3852,3
3853,4
3854,5
3855,6
3856,7
3857,8
3858,9
3859,10
3860,11
3861,12
3862,13
3863,14
3864,15
3865,16
3866,17
3867,18
3868,19
3869,20
3870,21
3871,22
3872,23
3873,24
3874,25
3875,26
3876,27
3877,28
3878,29
3879,30
3880,31
3881,32
3882,33
3883,34
3884,35
3885,36
3886,37
3887,38
3888,39
3889,40
3890,41
3891,42
3892,43
3893,44
3894,45
3895,46
3896,47
3897,48
3898,49
3899,50
3900,1
3901,2
3902,3
3903,4
3904,5
3905,6
3906,7
3907,8
3908,9
3909,10
3910,11
3911,12
3912,13
3913,14
3914,15
3915,16
3916,17
3917,18
3918,19
3919,20
3920,21
3921,22
3922,23
3923,24
3924,25
3925,26
3926,27
3927,28
3928,29
3929,30
3930,31
3931,32
3932,33
3933,34
3934,35
3935,36
3936,37
3937,38
3938,39
3939,40
3940,41
3941,42
3942,43
3943,44
3944,45
3945,46
3946,47
3947,48
3948,49
3949,50
3950,1
3951,2
3952,3
3953,4
3954,5
3955,6
3956,7
3957,8
3958,9
3959,10
3960,11
3961,12
3962,13
3963,14
3964,15
3965,16
3966,17
3967,18
3968,19
3969,20
3970,21
3971,22
3972,23
3973,24
3974,25
3975,26
3976,27
3977,28
3978,29
3979,30
3980,31
3981,32
3982,33
3983,34
3984,35
3985,36
3986,37
3987,38
3988,39
3989,40
3990,41
3991,42
3992,43
3993,44
3994,45
3995,46
3996,47
3997,48
3998,49
3999,50
4000,1
4001,2
4002,3
4003,4
4004,5
4005,6
4006,7
4007,8
4008,9
4009,10
4010,11
4011,12
4012,13
4013,14
4014,15
4015,16
4016,17
4017,18
4018,19
4019,20
4020,21
4021,22
4022,23
4023,24
4024,25
4025,26
4026,27
4027,28
4028,29
4029,30
4030,31
4031,32
4032,33
4033,34
4034,35
4035,36
4036,37
4037,38
4038,39
4039,40
4040,41
4041,42
4042,43
4043,44
4044,45
4045,46
4046,47
4047,48
4048,49
4049,50
4050,1
4051,2
4052,3
4053,4
4054,5
4055,6
4056,7
4057,8
4058,9
4059,10
4060,11
4061,12
4062,13
4063,14
4064,15
4065,16
4066,17
4067,18
4068,19
4069,20
4070,21
4071,22
4072,23
4073,24
4074,25
4075,26
4076,27
4077,28
4078,29
4079,30
4080,31
4081,32
4082,33
4083,34
4084,35
4085,36
4086,37
4087,38
4088,39
4089,40
4090,41
4091,42
4092,43
4093,44
4094,45
4095,46
4096,47
4097,48
4098,49
4099,50
4100,1
4101,2
4102,3
4103,4
4104,5
4105,6
4106,7
4107,8
4108,9
4109,10
4110,11
4111,12
4112,13
4113,14
4114,15
4115,16
4116,17
4117,18
4118,19
4119,20
4120,21
4121,22
4122,23
4123,24
4124,25
4125,26
4126,27
4127,28
4128,29
4129,30
4130,31
4131,32
4132,33
4133,34
4134,35
4135,36
4136,37
4137,38
4138,39
4139,40
4140,41
4141,42
4142,43
4143,44
4144,45
4145,46
4146,47
4147,48
4148,49
4149,50
4150,1
4151,2
4152,3
4153,4
4154,5
4155,6
4156,7
4157,8
4158,9
4159,10
4160,11
4161,12
4162,13
4163,14
4164,15
4165,16
4166,17
4167,18
4168,19
4169,20
4170,21
4171,22
4172,23
4173,24
4174,25
4175,26
4176,27
4177,28
4178,29
4179,30
4180,31
4181,32
4182,33
4183,34
4184,35
4185,36
4186,37
4187,38
4188,39
4189,40
4190,41
4191,42
4192,43
4193,44
4194,45
4195,46
4196,47
4197,48
4198,49
4199,50
4200,1
4201,2
4202,3
4203,4
4204,5
4205,6
4206,7
4207,8
4208,9
4209,10
4210,11
4211,12
4212,13
4213,14
4214,15
4215,16
4216,17
4217,18
4218,19
4219,20
4220,21
4221,22
4222,23
4223,24
4224,25
4225,26
4226,27
4227,28
4228,29
4229,30
4230,31
4231,32
4232,33
4233,34
4234,35
4235,36
4236,37
4237,38
4238,39
4239,40
4240,41
4241,42
4242,43
4243,44
4244,45
4245,46
4246,47
4247,48
4248,49
4249,50
4250,1
4251,2
4252,3
4253,4
4254,5
4255,6
4256,7
4257,8
4258,9
4259,10
4260,11
4261,12
4262,13
4263,14
4264,15
4265,16
4266,17
4267,18
4268,19
4269,20
4270,21
4271,22
4272,23
4273,24
4274,25
4275,26
4276,27
4277,28
4278,29
4279,30
4280,31
4281,32
4282,33
4283,34
4284,35
4285,36
4286,37
4287,38
4288,39
4289,40
4290,41
4291,42
4292,43
4293,44
4294,45
4295,46
4296,47
4297,48
4298,49
4299,50
4300,1
4301,2
4302,3
4303,4
4304,5
4305,6
4306,7
4307,8
4308,9
4309,10
4310,11
4311,12
4312,13
4313,14
4314,15
4315,16
4316,17
4317,18
4318,19
4319,20
4320,21
4321,22
4322,23
4323,24
4324,25
4325,26
4326,27
4327,28
4328,29
4329,30
4330,31
4331,32
4332,33
4333,34
4334,35
4335,36
4336,37
4337,38
4338,39
4339,40
4340,41
4341,42
4342,43
4343,44
4344,45
4345,46
4346,47
4347,48
4348,49
4349,50
4350,1
4351,2
4352,3
4353,4
4354,5
4355,6
4356,7
4357,8
4358,9
4359,10
4360,11
4361,12
4362,13
4363,14
4364,15
4365,16
4366,17
4367,18
4368,19
4369,20
4370,21
4371,22
4372,23
4373,24
4374,25
4375,26
4376,27
4377,28
4378,29
4379,30
4380,31
4381,32
4382,33
4383,34
4384,35
4385,36
4386,37
4387,38
4388,39
4389,40
4390,41
4391,42
4392,43
4393,44
4394,45
4395,46
4396,47
4397,48
4398,49
4399,50
4400,1
4401,2
4402,3
4403,4
4404,5
4405,6
4406,7
4407,8
4408,9
4409,10
4410,11
4411,12
4412,13
4413,14
4414,15
4415,16
4416,17
4417,18
4418,19
4419,20
4420,21
4421,22
4422,23
4423,24
4424,25
4425,26
4426,27
4427,28
4428,29
4429,30
4430,31
4431,32
4432,33
4433,34
4434,35
4435,36
4436,37
4437,38
4438,39
4439,40
4440,41
4441,42
4442,43
4443,44
4444,45
4445,46
4446,47
4447,48
4448,49
4449,50
4450,1
4451,2
4452,3
4453,4
4454,5
4455,6
4456,7
4457,8
4458,9
4459,10
4460,11
4461,12
4462,13
4463,14
4464,15
4465,16
4466,17
4467,18
4468,19
4469,20
4470,21
4471,22
4472,23
4473,24
4474,25
4475,26
4476,27
4477,28
4478,29
4479,30
4480,31
4481,32
4482,33
4483,34
4484,35
4485,36
4486,37
4487,38
4488,39
4489,40
4490,41
4491,42
4492,43
4493,44
4494,45
4495,46
4496,47
4497,48
4498,49
4499,50
4500,1
4501,2
4502,3
4503,4
4504,5
4505,6
4506,7
4507,8
4508,9
4509,10
4510,11
4511,12
4512,13
4513,14
4514,15
4515,16
4516,17
4517,18
4518,19
4519,20
4520,21
4521,22
4522,23
4523,24
4524,25
4525,26
4526,27
4527,28
4528,29
4529,30
4530,31
4531,32
4532,33
4533,34
4534,35
4535,36
4536,37
4537,38
4538,39
4539,40
4540,41
4541,42
4542,43
4543,44
4544,45
4545,46
4546,47
4547,48
4548,49
4549,50
4550,1
4551,2
4552,3
4553,4
4554,5
4555,6
4556,7
4557,8
4558,9
4559,10
4560,11
4561,12
4562,13
4563,14
4564,15
4565,16
4566,17
4567,18
4568,19
4569,20
4570,21
4571,22
4572,23
4573,24
4574,25
4575,26
4576,27
4577,28
4578,29
4579,30
4580,31
4581,32
4582,33
4583,34
4584,35
4585,36
4586,37
4587,38
4588,39
4589,40
4590,41
4591,42
4592,43
4593,44
4594,45
4595,46
4596,47
4597,48
4598,49
4599,50
4600,1
4601,2
4602,3
4603,4
4604,5
4605,6
4606,7
4607,8
4608,9
4609,10
4610,11
4611,12
4612,13
4613,14
4614,15
4615,16
4616,17
4617,18
4618,19
4619,20
4620,21
4621,22
4622,23
4623,24
4624,25
4625,26
4626,27
4627,28
4628,29
4629,30
4630,31
4631,32
4632,33
4633,34
4634,35
4635,36
4636,37
4637,38
4638,39
4639,40
4640,41
4641,42
4642,43
4643,44
4644,45
4645,46
4646,47
4647,48
4648,49
4649,50
4650,1
4651,2
4652,3
4653,4
4654,5
4655,6
4656,7
4657,8
4658,9
4659,10
4660,11
4661,12
4662,13
4663,14
4664,15
4665,16
4666,17
4667,18
4668,19
4669,20
4670,21
4671,22
4672,23
4673,24
4674,25
4675,26
4676,27
4677,28
4678,29
4679,30
4680,31
4681,32
4682,33
4683,34
4684,35
4685,36
4686,37
4687,38
4688,39
4689,40
4690,41
4691,42
4692,43
4693,44
4694,45
4695,46
4696,47
4697,48
4698,49
4699,50
4700,1
4701,2
4702,3
4703,4
4704,5
4705,6
4706,7
4707,8
4708,9
4709,10
4710,11
4711,12
4712,13
4713,14
4714,15
4715,16
4716,17
4717,18
4718,19
4719,20
4720,21
4721,22
4722,23
4723,24
4724,25
4725,26
4726,27
4727,28
4728,29
4729,30
4730,31
4731,32
4732,33
4733,34
4734,35
4735,36
4736,37
4737,38
4738,39
4739,40
4740,41
4741,42
4742,43
4743,44
4744,45
4745,46
4746,47
4747,48
4748,49
4749,50
4750,1
4751,2
4752,3
4753,4
4754,5
4755,6
4756,7
4757,8
4758,9
4759,10
4760,11
4761,12
4762,13
4763,14
4764,15
4765,16
4766,17
4767,18
4768,19
4769,20
4770,21
4771,22
4772,23
4773,24
4774,25
4775,26
4776,27
4777,28
4778,29
4779,30
4780,31
4781,32
4782,33
4783,34
4784,35
4785,36
4786,37
4787,38
4788,39
4789,40
4790,41
4791,42
4792,43
4793,44
4794,45
4795,46
4796,47
4797,48
4798,49
4799,50
4800,1
4801,2
4802,3
4803,4
4804,5
4805,6
4806,7
4807,8
4808,9
4809,10
4810,11
4811,12
4812,13
4813,14
4814,15
4815,16
4816,17
4817,18
4818,19
4819,20
4820,21
4821,22
4822,23
4823,24
4824,25
4825,26
4826,27
4827,28
4828,29
4829,30
4830,31
4831,32
4832,33
4833,34
4834,35
4835,36
4836,37
4837,38
4838,39
4839,40
4840,41
4841,42
4842,43
4843,44
4844,45
4845,46
4846,47
4847,48
4848,49
4849,50
4850,1
4851,2
4852,3
4853,4
4854,5
4855,6
4856,7
4857,8
4858,9
4859,10
4860,11
4861,12
4862,13
4863,14
4864,15
4865,16
4866,17
4867,18
4868,19
4869,20
4870,21
4871,22
4872,23
4873,24
4874,25
4875,26
4876,27
4877,28
4878,29
4879,30
4880,31
4881,32
4882,33
4883,34
4884,35
4885,36
4886,37
4887,38
4888,39
4889,40
4890,41
4891,42
4892,43
4893,44
4894,45
4895,46
4896,47
4897,48
4898,49
4899,50
4900,1
4901,2
4902,3
4903,4
4904,5
4905,6
4906,7
4907,8
4908,9
4909,10
4910,11
4911,12
4912,13
4913,14
4914,15
4915,16
4916,17
4917,18
4918,19
4919,20
4920,21
4921,22
4922,23
4923,24
4924,25
4925,26
4926,27
4927,28
4928,29
4929,30
4930,31
4931,32
4932,33
4933,34
4934,35
4935,36
4936,37
4937,38
4938,39
4939,40
4940,41
4941,42
4942,43
4943,44
4944,45
4945,46
4946,47
4947,48
4948,49
4949,50
4950,1
4951,2
4952,3
4953,4
4954,5
4955,6
4956,7
4957,8
4958,9
4959,10
4960,11
4961,12
4962,13
4963,14
4964,15
4965,16
4966,17
4967,18
4968,19
4969,20
4970,21
4971,22
4972,23
4973,24
4974,25
4975,26
4976,27
4977,28
4978,29
4979,30
4980,31
4981,32
4982,33
4983,34
4984,35
4985,36
4986,37
4987,38
4988,39
4989,40
4990,41
4991,42
4992,43
4993,44
4994,45
4995,46
4996,47
4997,48
4998,49
4999,50
5000,1
5001,2
5002,3
5003,4
5004,5
5005,6
5006,7
5007,8
5008,9
5009,10
5010,11
5011,12
5012,13
5013,14
5014,15
5015,16
5016,17
5017,18
5018,19
5019,20
5020,21
5021,22
5022,23
5023,24
5024,25
5025,26
5026,27
5027,28
5028,29
5029,30
5030,31
5031,32
5032,33
5033,34
5034,35
5035,36
5036,37
5037,38
5038,39
5039,40
5040,41
5041,42
5042,43
5043,44
5044,45
5045,46
5046,47
5047,48
5048,49
5049,50
5050,1
5051,2
5052,3
5053,4
5054,5
5055,6
5056,7
5057,8
5058,9
5059,10
5060,11
5061,12
5062,13
5063,14
5064,15
5065,16
5066,17
5067,18
5068,19
5069,20
5070,21
5071,22
5072,23
5073,24
5074,25
5075,26
5076,27
5077,28
5078,29
5079,30
5080,31
5081,32
5082,33
5083,34
5084,35
5085,36
5086,37
5087,38
5088,39
5089,40
5090,41
5091,42
5092,43
5093,44
5094,45
5095,46
5096,47
5097,48
5098,49
5099,50
5100,1
5101,2
5102,3
5103,4
5104,5
5105,6
5106,7
5107,8
5108,9
5109,10
5110,11
5111,12
5112,13
5113,14
5114,15
5115,16
5116,17
5117,18
5118,19
5119,20
5120,21
5121,22
5122,23
5123,24
5124,25
5125,26
5126,27
5127,28
5128,29
5129,30
5130,31
5131,32
5132,33
5133,34
5134,35
5135,36
5136,37
5137,38
5138,39
5139,40
5140,41
5141,42
5142,43
5143,44
5144,45
5145,46
5146,47
5147,48
5148,49
5149,50
5150,1
5151,2
5152,3
5153,4
5154,5
5155,6
5156,7
5157,8
5158,9
5159,10
5160,11
5161,12
5162,13
5163,14
5164,15
5165,16
5166,17
5167,18
5168,19
5169,20
5170,21
5171,22
5172,23
5173,24
5174,25
5175,26
5176,27
5177,28
5178,29
5179,30
5180,31
5181,32
5182,33
5183,34
5184,35
5185,36
5186,37
5187,38
5188,39
5189,40
5190,41
5191,42
5192,43
5193,44
5194,45
5195,46
5196,47
5197,48
5198,49
5199,50
5200,1
5201,2
5202,3
5203,4
5204,5
5205,6
5206,7
5207,8
5208,9
5209,10
5210,11
5211,12
5212,13
5213,14
5214,15
5215,16
5216,17
5217,18
5218,19
5219,20
5220,21
5221,22
5222,23
5223,24
5224,25
5225,26
5226,27
5227,28
5228,29
5229,30
5230,31
5231,32
5232,33
5233,34
5234,35
5235,36
5236,37
5237,38
5238,39
5239,40
5240,41
5241,42
5242,43
5243,44
5244,45
5245,46
5246,47
5247,48
5248,49
5249,50
5250,1
5251,2
5252,3
5253,4
5254,5
5255,6
5256,7
5257,8
5258,9
5259,10
5260,11
5261,12
5262,13
5263,14
5264,15
5265,16
5266,17
5267,18
5268,19
5269,20
5270,21
5271,22
5272,23
5273,24
5274,25
5275,26
5276,27
5277,28
5278,29
5279,30
5280,31
5281,32
5282,33
5283,34
5284,35
5285,36
5286,37
5287,38
5288,39
5289,40
5290,41
5291,42
5292,43
5293,44
5294,45
5295,46
5296,47
5297,48
5298,49
5299,50
5300,1
5301,2
5302,3
5303,4
5304,5
5305,6
5306,7
5307,8
5308,9
5309,10
5310,11
5311,12
5312,13
5313,14
5314,15
5315,16
5316,17
5317,18
5318,19
5319,20
5320,21
5321,22
5322,23
5323,24
5324,25
5325,26
5326,27
5327,28
5328,29
5329,30
5330,31
5331,32
5332,33
5333,34
5334,35
5335,36
5336,37
5337,38
5338,39
5339,40
5340,41
5341,42
5342,43
5343,44
5344,45
5345,46
5346,47
5347,48
5348,49
5349,50
5350,1
5351,2
5352,3
5353,4
5354,5
5355,6
5356,7
5357,8
5358,9
5359,10
5360,11
5361,12
5362,13
5363,14
5364,15
5365,16
5366,17
5367,18
5368,19
5369,20
5370,21
5371,22
5372,23
5373,24
5374,25
5375,26
5376,27
5377,28
5378,29
5379,30
5380,31
5381,32
5382,33
5383,34
5384,35
5385,36
5386,37
5387,38
5388,39
5389,40
5390,41
5391,42
5392,43
5393,44
5394,45
5395,46
5396,47
5397,48
5398,49
5399,50
5400,1
5401,2
5402,3
5403,4
5404,5
5405,6
5406,7
5407,8
5408,9
5409,10
5410,11
5411,12
5412,13
5413,14
5414,15
5415,16
5416,17
5417,18
5418,19
5419,20
5420,21
5421,22
5422,23
5423,24
5424,25
5425,26
5426,27
5427,28
5428,29
5429,30
5430,31
5431,32
5432,33
5433,34
5434,35
5435,36
5436,37
5437,38
5438,39
5439,40
5440,41
5441,42
5442,43
5443,44
5444,45
5445,46
5446,47
5447,48
5448,49
5449,50
5450,1
5451,2
5452,3
5453,4
5454,5
5455,6
5456,7
5457,8
5458,9
5459,10
5460,11
5461,12
5462,13
5463,14
5464,15
5465,16
5466,17
5467,18
5468,19
5469,20
5470,21
5471,22
5472,23
5473,24
5474,25
5475,26
5476,27
5477,28
5478,29
5479,30
5480,31
5481,32
5482,33
5483,34
5484,35
5485,36
5486,37
5487,38
5488,39
5489,40
5490,41
5491,42
5492,43
5493,44
5494,45
5495,46
5496,47
5497,48
5498,49
5499,50
5500,1
5501,2
5502,3
5503,4
5504,5
5505,6
5506,7
5507,8
5508,9
5509,10
5510,11
5511,12
5512,13
5513,14
5514,15
5515,16
5516,17
5517,18
5518,19
5519,20
5520,21
5521,22
5522,23
5523,24
5524,25
5525,26
5526,27
5527,28
5528,29
5529,30
5530,31
5531,32
5532,33
5533,34
5534,35
5535,36
5536,37
5537,38
5538,39
5539,40
5540,41
5541,42
5542,43
5543,44
5544,45
5545,46
5546,47
5547,48
5548,49
5549,50
5550,1
5551,2
5552,3
5553,4
5554,5
5555,6
5556,7
5557,8
5558,9
5559,10
5560,11
5561,12
5562,13
5563,14
5564,15
5565,16
5566,17
5567,18
5568,19
5569,20
5570,21
5571,22
5572,23
5573,24
5574,25
5575,26
5576,27
5577,28
5578,29
5579,30
5580,31
5581,32
5582,33
5583,34
5584,35
5585,36
5586,37
5587,38
5588,39
5589,40
5590,41
5591,42
5592,43
5593,44
5594,45
5595,46
5596,47
5597,48
5598,49
5599,50
5600,1
5601,2
5602,3
5603,4
5604,5
5605,6
5606,7
5607,8
5608,9
5609,10
5610,11
5611,12
5612,13
5613,14
5614,15
5615,16
5616,17
5617,18
5618,19
5619,20
5620,21
5621,22
5622,23
5623,24
5624,25
5625,26
5626,27
5627,28
5628,29
5629,30
5630,31
5631,32
5632,33
5633,34
5634,35
5635,36
5636,37
5637,38
5638,39
5639,40
5640,41
5641,42
5642,43
5643,44
5644,45
5645,46
5646,47
5647,48
5648,49
5649,50
5650,1
5651,2
5652,3
5653,4
5654,5
5655,6
5656,7
5657,8
5658,9
5659,10
5660,11
5661,12
5662,13
5663,14
5664,15
5665,16
5666,17
5667,18
5668,19
5669,20
5670,21
5671,22
5672,23
5673,24
5674,25
5675,26
5676,27
5677,28
5678,29
5679,30
5680,31
5681,32
5682,33
5683,34
5684,35
5685,36
5686,37
5687,38
5688,39
5689,40
5690,41
5691,42
5692,43
5693,44
5694,45
5695,46
5696,47
5697,48
5698,49
5699,50
5700,1
5701,2
5702,3
5703,4
5704,5
5705,6
5706,7
5707,8
5708,9
5709,10
5710,11
5711,12
5712,13
5713,14
5714,15
5715,16
5716,17
5717,18
5718,19
5719,20
5720,21
5721,22
5722,23
5723,24
5724,25
5725,26
5726,27
5727,28
5728,29
5729,30
5730,31
5731,32
5732,33
5733,34
5734,35
5735,36
5736,37
5737,38
5738,39
5739,40
5740,41
5741,42
5742,43
5743,44
5744,45
5745,46
5746,47
5747,48
5748,49
5749,50
5750,1
5751,2
5752,3
5753,4
5754,5
5755,6
5756,7
5757,8
5758,9
5759,10
5760,11
5761,12
5762,13
5763,14
5764,15
5765,16
5766,17
5767,18
5768,19
5769,20
5770,21
5771,22
5772,23
5773,24
5774,25
5775,26
5776,27
5777,28
5778,29
5779,30
5780,31
5781,32
5782,33
5783,34
5784,35
5785,36
5786,37
5787,38
5788,39
5789,40
5790,41
5791,42
5792,43
5793,44
5794,45
5795,46
5796,47
5797,48
5798,49
5799,50
5800,1
5801,2
5802,3
5803,4
5804,5
5805,6
5806,7
5807,8
5808,9
5809,10
5810,11
5811,12
5812,13
5813,14
5814,15
5815,16
5816,17
5817,18
5818,19
5819,20
5820,21
5821,22
5822,23
5823,24
5824,25
5825,26
5826,27
5827,28
5828,29
5829,30
5830,31
5831,32
5832,33
5833,34
5834,35
5835,36
5836,37
5837,38
5838,39
5839,40
5840,41
5841,42
5842,43
5843,44
5844,45
5845,46
5846,47
5847,48
5848,49
5849,50
5850,1
5851,2
5852,3
5853,4
5854,5
5855,6
5856,7
5857,8
5858,9
5859,10
5860,11
5861,12
5862,13
5863,14
5864,15
5865,16
5866,17
5867,18
5868,19
5869,20
5870,21
5871,22
5872,23
5873,24
5874,25
5875,26
5876,27
5877,28
5878,29
5879,30
5880,31
5881,32
5882,33
5883,34
5884,35
5885,36
5886,37
5887,38
5888,39
5889,40
5890,41
5891,42
5892,43
5893,44
5894,45
5895,46
5896,47
5897,48
5898,49
5899,50
5900,1
5901,2
5902,3
5903,4
5904,5
5905,6
5906,7
5907,8
5908,9
5909,10
5910,11
5911,12
5912,13
5913,14
5914,15
5915,16
5916,17
5917,18
5918,19
5919,20
5920,21
5921,22
5922,23
5923,24
5924,25
5925,26
5926,27
5927,28
5928,29
5929,30
5930,31
5931,32
5932,33
5933,34
5934,35
5935,36
5936,37
5937,38
5938,39
5939,40
5940,41
5941,42
5942,43
5943,44
5944,45
5945,46
5946,47
5947,48
5948,49
5949,50
5950,1
5951,2
5952,3
5953,4
5954,5
5955,6
5956,7
5957,8
5958,9
5959,10
5960,11
5961,12
5962,13
5963,14
5964,15
5965,16
5966,17
5967,18
5968,19
5969,20
5970,21
5971,22
5972,23
5973,24
5974,25
5975,26
5976,27
5977,28
5978,29
5979,30
5980,31
5981,32
5982,33
5983,34
5984,35
5985,36
5986,37
5987,38
5988,39
5989,40
5990,41
5991,42
5992,43
5993,44
5994,45
5995,46
5996,47
5997,48
5998,49
5999,50
6000,1
6001,2
6002,3
6003,4
6004,5
6005,6
6006,7
6007,8
6008,9
6009,10
6010,11
6011,12
6012,13
6013,14
6014,15
6015,16
6016,17
6017,18
6018,19
6019,20
6020,21
6021,22
6022,23
6023,24
6024,25
6025,26
6026,27
6027,28
6028,29
6029,30
6030,31
6031,32
6032,33
6033,34
6034,35
6035,36
6036,37
6037,38
6038,39
6039,40
6040,41
6041,42
6042,43
6043,44
6044,45
6045,46
6046,47
6047,48
6048,49
6049,50
6050,1
6051,2
6052,3
6053,4
6054,5
6055,6
6056,7
6057,8
6058,9
6059,10
6060,11
6061,12
6062,13
6063,14
6064,15
6065,16
6066,17
6067,18
6068,19
6069,20
6070,21
6071,22
6072,23
6073,24
6074,25
6075,26
6076,27
6077,28
6078,29
6079,30
6080,31
6081,32
6082,33
6083,34
6084,35
6085,36
6086,37
6087,38
6088,39
6089,40
6090,41
6091,42
6092,43
6093,44
6094,45
6095,46
6096,47
6097,48
6098,49
6099,50
6100,1
6101,2
6102,3
6103,4
6104,5
6105,6
6106,7
6107,8
6108,9
6109,10
6110,11
6111,12
6112,13
6113,14
6114,15
6115,16
6116,17
6117,18
6118,19
6119,20
6120,21
6121,22
6122,23
6123,24
6124,25
6125,26
6126,27
6127,28
6128,29
6129,30
6130,31
6131,32
6132,33
6133,34
6134,35
6135,36
6136,37
6137,38
6138,39
6139,40
6140,41
6141,42
6142,43
6143,44
6144,45
6145,46
6146,47
6147,48
6148,49
6149,50
6150,1
6151,2
6152,3
6153,4
6154,5
6155,6
6156,7
6157,8
6158,9
6159,10
6160,11
6161,12
6162,13
6163,14
6164,15
6165,16
6166,17
6167,18
6168,19
6169,20
6170,21
6171,22
6172,23
6173,24
6174,25
6175,26
6176,27
6177,28
6178,29
6179,30
6180,31
6181,32
6182,33
6183,34
6184,35
6185,36
6186,37
6187,38
6188,39
6189,40
6190,41
6191,42
6192,43
6193,44
6194,45
6195,46
6196,47
6197,48
6198,49
6199,50
6200,1
6201,2
6202,3
6203,4
6204,5
6205,6
6206,7
6207,8
6208,9
6209,10
6210,11
6211,12
6212,13
6213,14
6214,15
6215,16
6216,17
6217,18
6218,19
6219,20
6220,21
6221,22
6222,23
6223,24
6224,25
6225,26
6226,27
6227,28
6228,29
6229,30
6230,31
6231,32
6232,33
6233,34
6234,35
6235,36
6236,37
6237,38
6238,39
6239,40
6240,41
6241,42
6242,43
6243,44
6244,45
6245,46
6246,47
6247,48
6248,49
6249,50
6250,1
6251,2
6252,3
6253,4
6254,5
6255,6
6256,7
6257,8
6258,9
6259,10
6260,11
6261,12
6262,13
6263,14
6264,15
6265,16
6266,17
6267,18
6268,19
6269,20
6270,21
6271,22
6272,23
6273,24
6274,25
6275,26
6276,27
6277,28
6278,29
6279,30
6280,31
6281,32
6282,33
6283,34
6284,35
6285,36
6286,37
6287,38
6288,39
6289,40
6290,41
6291,42
6292,43
6293,44
6294,45
6295,46
6296,47
6297,48
6298,49
6299,50
6300,1
6301,2
6302,3
6303,4
6304,5
6305,6
6306,7
6307,8
6308,9
6309,10
6310,11
6311,12
6312,13
6313,14
6314,15
6315,16
6316,17
6317,18
6318,19
6319,20
6320,21
6321,22
6322,23
6323,24
6324,25
6325,26
6326,27
6327,28
6328,29
6329,30
6330,31
6331,32
6332,33
6333,34
6334,35
6335,36
6336,37
6337,38
6338,39
6339,40
6340,41
6341,42
6342,43
6343,44
6344,45
6345,46
6346,47
6347,48
6348,49
6349,50
6350,1
6351,2
6352,3
6353,4
6354,5
6355,6
6356,7
6357,8
6358,9
6359,10
6360,11
6361,12
6362,13
6363,14
6364,15
6365,16
6366,17
6367,18
6368,19
6369,20
6370,21
6371,22
6372,23
6373,24
6374,25
6375,26
6376,27
6377,28
6378,29
6379,30
6380,31
6381,32
6382,33
6383,34
6384,35
6385,36
6386,37
6387,38
6388,39
6389,40
6390,41
6391,42
6392,43
6393,44
6394,45
6395,46
6396,47
6397,48
6398,49
6399,50
6400,1
6401,2
6402,3
6403,4
6404,5
6405,6
6406,7
6407,8
6408,9
6409,10
6410,11
6411,12
6412,13
6413,14
6414,15
6415,16
6416,17
6417,18
6418,19
6419,20
6420,21
6421,22
6422,23
6423,24
6424,25
6425,26
6426,27
6427,28
6428,29
6429,30
6430,31
6431,32
6432,33
6433,34
6434,35
6435,36
6436,37
6437,38
6438,39
6439,40
6440,41
6441,42
6442,43
6443,44
6444,45
6445,46
6446,47
6447,48
6448,49
6449,50
6450,1
6451,2
6452,3
6453,4
6454,5
6455,6
6456,7
6457,8
6458,9
6459,10
6460,11
6461,12
6462,13
6463,14
6464,15
6465,16
6466,17
6467,18
6468,19
6469,20
6470,21
6471,22
6472,23
6473,24
6474,25
6475,26
6476,27
6477,28
6478,29
6479,30
6480,31
6481,32
6482,33
6483,34
6484,35
6485,36
6486,37
6487,38
6488,39
6489,40
6490,41
6491,42
6492,43
6493,44
6494,45
6495,46
6496,47
6497,48
6498,49
6499,50
6500,1
6501,2
6502,3
6503,4
6504,5
6505,6
6506,7
6507,8
6508,9
6509,10
6510,11
6511,12
6512,13
6513,14
6514,15
6515,16
6516,17
6517,18
6518,19
6519,20
6520,21
6521,22
6522,23
6523,24
6524,25
6525,26
6526,27
6527,28
6528,29
6529,30
6530,31
6531,32
6532,33
6533,34
6534,35
6535,36
6536,37
6537,38
6538,39
6539,40
6540,41
6541,42
6542,43
6543,44
6544,45
6545,46
6546,47
6547,48
6548,49
6549,50
6550,1
6551,2
6552,3
6553,4
6554,5
6555,6
6556,7
6557,8
6558,9
6559,10
6560,11
6561,12
6562,13
6563,14
6564,15
6565,16
6566,17
6567,18
6568,19
6569,20
6570,21
6571,22
6572,23
6573,24
6574,25
6575,26
6576,27
6577,28
6578,29
6579,30
6580,31
6581,32
6582,33
6583,34
6584,35
6585,36
6586,37
6587,38
6588,39
6589,40
6590,41
6591,42
6592,43
6593,44
6594,45
6595,46
6596,47
6597,48
6598,49
6599,50
6600,1
6601,2
6602,3
6603,4
6604,5
6605,6
6606,7
6607,8
6608,9
6609,10
6610,11
6611,12
6612,13
6613,14
6614,15
6615,16
6616,17
6617,18
6618,19
6619,20
6620,21
6621,22
6622,23
6623,24
6624,25
6625,26
6626,27
6627,28
6628,29
6629,30
6630,31
6631,32
6632,33
6633,34
6634,35
6635,36
6636,37
6637,38
6638,39
6639,40
6640,41
6641,42
6642,43
6643,44
6644,45
6645,46
6646,47
6647,48
6648,49
6649,50
6650,1
6651,2
6652,3
6653,4
6654,5
6655,6
6656,7
6657,8
6658,9
6659,10
6660,11
6661,12
6662,13
6663,14
6664,15
6665,16
6666,17
6667,18
6668,19
6669,20
6670,21
6671,22
6672,23
6673,24
6674,25
6675,26
6676,27
6677,28
6678,29
6679,30
6680,31
6681,32
6682,33
6683,34
6684,35
6685,36
6686,37
6687,38
6688,39
6689,40
6690,41
6691,42
6692,43
6693,44
6694,45
6695,46
6696,47
6697,48
6698,49
6699,50
6700,1
6701,2
6702,3
6703,4
6704,5
6705,6
6706,7
6707,8
6708,9
6709,10
6710,11
6711,12
6712,13
6713,14
6714,15
6715,16
6716,17
6717,18
6718,19
6719,20
6720,21
6721,22
6722,23
6723,24
6724,25
6725,26
6726,27
6727,28
6728,29
6729,30
6730,31
6731,32
6732,33
6733,34
6734,35
6735,36
6736,37
6737,38
6738,39
6739,40
6740,41
6741,42
6742,43
6743,44
6744,45
6745,46
6746,47
6747,48
6748,49
6749,50
6750,1
6751,2
6752,3
6753,4
6754,5
6755,6
6756,7
6757,8
6758,9
6759,10
6760,11
6761,12
6762,13
6763,14
6764,15
6765,16
6766,17
6767,18
6768,19
6769,20
6770,21
6771,22
6772,23
6773,24
6774,25
6775,26
6776,27
6777,28
6778,29
6779,30
6780,31
6781,32
6782,33
6783,34
6784,35
6785,36
6786,37
6787,38
6788,39
6789,40
6790,41
6791,42
6792,43
6793,44
6794,45
6795,46
6796,47
6797,48
6798,49
6799,50
6800,1
6801,2
6802,3
6803,4
6804,5
6805,6
6806,7
6807,8
6808,9
6809,10
6810,11
6811,12
6812,13
6813,14
6814,15
6815,16
6816,17
6817,18
6818,19
6819,20
6820,21
6821,22
6822,23
6823,24
6824,25
6825,26
6826,27
6827,28
6828,29
6829,30
6830,31
6831,32
6832,33
6833,34
6834,35
6835,36
6836,37
6837,38
6838,39
6839,40
6840,41
6841,42
6842,43
6843,44
6844,45
6845,46
6846,47
6847,48
6848,49
6849,50
6850,1
6851,2
6852,3
6853,4
6854,5
6855,6
6856,7
6857,8
6858,9
6859,10
6860,11
6861,12
6862,13
6863,14
6864,15
6865,16
6866,17
6867,18
6868,19
6869,20
6870,21
6871,22
6872,23
6873,24
6874,25
6875,26
6876,27
6877,28
6878,29
6879,30
6880,31
6881,32
6882,33
6883,34
6884,35
6885,36
6886,37
6887,38
6888,39
6889,40
6890,41
6891,42
6892,43
6893,44
6894,45
6895,46
6896,47
6897,48
6898,49
6899,50
6900,1
6901,2
6902,3
6903,4
6904,5
6905,6
6906,7
6907,8
6908,9
6909,10
6910,11
6911,12
6912,13
6913,14
6914,15
6915,16
6916,17
6917,18
6918,19
6919,20
6920,21
6921,22
6922,23
6923,24
6924,25
6925,26
6926,27
6927,28
6928,29
6929,30
6930,31
6931,32
6932,33
6933,34
6934,35
6935,36
6936,37
6937,38
6938,39
6939,40
6940,41
6941,42
6942,43
6943,44
6944,45
6945,46
6946,47
6947,48
6948,49
6949,50
6950,1
6951,2
6952,3
6953,4
6954,5
6955,6
6956,7
6957,8
6958,9
6959,10
6960,11
6961,12
6962,13
6963,14
6964,15
6965,16
6966,17
6967,18
6968,19
6969,20
6970,21
6971,22
6972,23
6973,24
6974,25
6975,26
6976,27
6977,28
6978,29
6979,30
6980,31
6981,32
6982,33
6983,34
6984,35
6985,36
6986,37
6987,38
6988,39
6989,40
6990,41
6991,42
6992,43
6993,44
6994,45
6995,46
6996,47
6997,48
6998,49
6999,50
7000,1
7001,2
7002,3
7003,4
7004,5
7005,6
7006,7
7007,8
7008,9
7009,10
7010,11
7011,12
7012,13
7013,14
7014,15
7015,16
7016,17
7017,18
7018,19
7019,20
7020,21
7021,22
7022,23
7023,24
7024,25
7025,26
7026,27
7027,28
7028,29
7029,30
7030,31
7031,32
7032,33
7033,34
7034,35
7035,36
7036,37
7037,38
7038,39
7039,40
7040,41
7041,42
7042,43
7043,44
7044,45
7045,46
7046,47
7047,48
7048,49
7049,50
7050,1
7051,2
7052,3
7053,4
7054,5
7055,6
7056,7
7057,8
7058,9
7059,10
7060,11
7061,12
7062,13
7063,14
7064,15
7065,16
7066,17
7067,18
7068,19
7069,20
7070,21
7071,22
7072,23
7073,24
7074,25
7075,26
7076,27
7077,28
7078,29
7079,30
7080,31
7081,32
7082,33
7083,34
7084,35
7085,36
7086,37
7087,38
7088,39
7089,40
7090,41
7091,42
7092,43
7093,44
7094,45
7095,46
7096,47
7097,48
7098,49
7099,50
7100,1
7101,2
7102,3
7103,4
7104,5
7105,6
7106,7
7107,8
7108,9
7109,10
7110,11
7111,12
7112,13
7113,14
7114,15
7115,16
7116,17
7117,18
7118,19
7119,20
7120,21
7121,22
7122,23
7123,24
7124,25
7125,26
7126,27
7127,28
7128,29
7129,30
7130,31
7131,32
7132,33
7133,34
7134,35
7135,36
7136,37
7137,38
7138,39
7139,40
7140,41
7141,42
7142,43
7143,44
7144,45
7145,46
7146,47
7147,48
7148,49
7149,50
7150,1
7151,2
7152,3
7153,4
7154,5
7155,6
7156,7
7157,8
7158,9
7159,10
7160,11
7161,12
7162,13
7163,14
7164,15
7165,16
7166,17
7167,18
7168,19
7169,20
7170,21
7171,22
7172,23
7173,24
7174,25
7175,26
7176,27
7177,28
7178,29
7179,30
7180,31
7181,32
7182,33
7183,34
7184,35
7185,36
7186,37
7187,38
7188,39
7189,40
7190,41
7191,42
7192,43
7193,44
7194,45
7195,46
7196,47
7197,48
7198,49
7199,50
7200,1
7201,2
7202,3
7203,4
7204,5
7205,6
7206,7
7207,8
7208,9
7209,10
7210,11
7211,12
7212,13
7213,14
7214,15
7215,16
7216,17
7217,18
7218,19
7219,20
7220,21
7221,22
7222,23
7223,24
7224,25
7225,26
7226,27
7227,28
7228,29
7229,30
7230,31
7231,32
7232,33
7233,34
7234,35
7235,36
7236,37
7237,38
7238,39
7239,40
7240,41
7241,42
7242,43
7243,44
7244,45
7245,46
7246,47
7247,48
7248,49
7249,50
7250,1
7251,2
7252,3
7253,4
7254,5
7255,6
7256,7
7257,8
7258,9
7259,10
7260,11
7261,12
7262,13
7263,14
7264,15
7265,16
7266,17
7267,18
7268,19
7269,20
7270,21
7271,22
7272,23
7273,24
7274,25
7275,26
7276,27
7277,28
7278,29
7279,30
7280,31
7281,32
7282,33
7283,34
7284,35
7285,36
7286,37
7287,38
7288,39
7289,40
7290,41
7291,42
7292,43
7293,44
7294,45
7295,46
7296,47
7297,48
7298,49
7299,50
7300,1
7301,2
7302,3
7303,4
7304,5
7305,6
7306,7
7307,8
7308,9
7309,10
7310,11
7311,12
7312,13
7313,14
7314,15
7315,16
7316,17
7317,18
7318,19
7319,20
7320,21
7321,22
7322,23
7323,24
7324,25
7325,26
7326,27
7327,28
7328,29
7329,30
7330,31
7331,32
7332,33
7333,34
7334,35
7335,36
7336,37
7337,38
7338,39
7339,40
7340,41
7341,42
7342,43
7343,44
7344,45
7345,46
7346,47
7347,48
7348,49
7349,50
7350,1
7351,2
7352,3
7353,4
7354,5
7355,6
7356,7
7357,8
7358,9
7359,10
7360,11
7361,12
7362,13
7363,14
7364,15
7365,16
7366,17
7367,18
7368,19
7369,20
7370,21
7371,22
7372,23
7373,24
7374,25
7375,26
7376,27
7377,28
7378,29
7379,30
7380,31
7381,32
7382,33
7383,34
7384,35
7385,36
7386,37
7387,38
7388,39
7389,40
7390,41
7391,42
7392,43
7393,44
7394,45
7395,46
7396,47
7397,48
7398,49
7399,50
7400,1
7401,2
7402,3
7403,4
7404,5
7405,6
7406,7
7407,8
7408,9
7409,10
7410,11
7411,12
7412,13
7413,14
7414,15
7415,16
7416,17
7417,18
7418,19
7419,20
7420,21
7421,22
7422,23
7423,24
7424,25
7425,26
7426,27
7427,28
7428,29
7429,30
7430,31
7431,32
7432,33
7433,34
7434,35
7435,36
7436,37
7437,38
7438,39
7439,40
7440,41
7441,42
7442,43
7443,44
7444,45
7445,46
7446,47
7447,48
7448,49
7449,50
7450,1
7451,2
7452,3
7453,4
7454,5
7455,6
7456,7
7457,8
7458,9
7459,10
7460,11
7461,12
7462,13
7463,14
7464,15
7465,16
7466,17
7467,18
7468,19
7469,20
7470,21
7471,22
7472,23
7473,24
7474,25
7475,26
7476,27
7477,28
7478,29
7479,30
7480,31
7481,32
7482,33
7483,34
7484,35
7485,36
7486,37
7487,38
7488,39
7489,40
7490,41
7491,42
7492,43
7493,44
7494,45
7495,46
7496,47
7497,48
7498,49
7499,50
7500,1
7501,2
7502,3
7503,4
7504,5
7505,6
7506,7
7507,8
7508,9
7509,10
7510,11
7511,12
7512,13
7513,14
7514,15
7515,16
7516,17
7517,18
7518,19
7519,20
7520,21
7521,22
7522,23
7523,24
7524,25
7525,26
7526,27
7527,28
7528,29
7529,30
7530,31
7531,32
7532,33
7533,34
7534,35
7535,36
7536,37
7537,38
7538,39
7539,40
7540,41
7541,42
7542,43
7543,44
7544,45
7545,46
7546,47
7547,48
7548,49
7549,50
7550,1
7551,2
7552,3
7553,4
7554,5
7555,6
7556,7
7557,8
7558,9
7559,10
7560,11
7561,12
7562,13
7563,14
7564,15
7565,16
7566,17
7567,18
7568,19
7569,20
7570,21
7571,22
7572,23
7573,24
7574,25
7575,26
7576,27
7577,28
7578,29
7579,30
7580,31
7581,32
7582,33
7583,34
7584,35
7585,36
7586,37
7587,38
7588,39
7589,40
7590,41
7591,42
7592,43
7593,44
7594,45
7595,46
7596,47
7597,48
7598,49
7599,50
7600,1
7601,2
7602,3
7603,4
7604,5
7605,6
7606,7
7607,8
7608,9
7609,10
7610,11
7611,12
7612,13
7613,14
7614,15
7615,16
7616,17
7617,18
7618,19
7619,20
7620,21
7621,22
7622,23
7623,24
7624,25
7625,26
7626,27
7627,28
7628,29
7629,30
7630,31
7631,32
7632,33
7633,34
7634,35
7635,36
7636,37
7637,38
7638,39
7639,40
7640,41
7641,42
7642,43
7643,44
7644,45
7645,46
7646,47
7647,48
7648,49
7649,50
7650,1
7651,2
7652,3
7653,4
7654,5
7655,6
7656,7
7657,8
7658,9
7659,10
7660,11
7661,12
7662,13
7663,14
7664,15
7665,16
7666,17
7667,18
7668,19
7669,20
7670,21
7671,22
7672,23
7673,24
7674,25
7675,26
7676,27
7677,28
7678,29
7679,30
7680,31
7681,32
7682,33
7683,34
7684,35
7685,36
7686,37
7687,38
7688,39
7689,40
7690,41
7691,42
7692,43
7693,44
7694,45
7695,46
7696,47
7697,48
7698,49
7699,50
7700,1
7701,2
7702,3
7703,4
7704,5
7705,6
7706,7
7707,8
7708,9
7709,10
7710,11
7711,12
7712,13
7713,14
7714,15
7715,16
7716,17
7717,18
7718,19
7719,20
7720,21
7721,22
7722,23
7723,24
7724,25
7725,26
7726,27
7727,28
7728,29
7729,30
7730,31
7731,32
7732,33
7733,34
7734,35
7735,36
7736,37
7737,38
7738,39
7739,40
7740,41
7741,42
7742,43
7743,44
7744,45
7745,46
7746,47
7747,48
7748,49
7749,50
7750,1
7751,2
7752,3
7753,4
7754,5
7755,6
7756,7
7757,8
7758,9
7759,10
7760,11
7761,12
7762,13
7763,14
7764,15
7765,16
7766,17
7767,18
7768,19
7769,20
7770,21
7771,22
7772,23
7773,24
7774,25
7775,26
7776,27
7777,28
7778,29
7779,30
7780,31
7781,32
7782,33
7783,34
7784,35
7785,36
7786,37
7787,38
7788,39
7789,40
7790,41
7791,42
7792,43
7793,44
7794,45
7795,46
7796,47
7797,48
7798,49
7799,50
7800,1
7801,2
7802,3
7803,4
7804,5
7805,6
7806,7
7807,8
7808,9
7809,10
7810,11
7811,12
7812,13
7813,14
7814,15
7815,16
7816,17
7817,18
7818,19
7819,20
7820,21
7821,22
7822,23
7823,24
7824,25
7825,26
7826,27
7827,28
7828,29
7829,30
7830,31
7831,32
7832,33
7833,34
7834,35
7835,36
7836,37
7837,38
7838,39
7839,40
7840,41
7841,42
7842,43
7843,44
7844,45
7845,46
7846,47
7847,48
7848,49
7849,50
7850,1
7851,2
7852,3
7853,4
7854,5
7855,6
7856,7
7857,8
7858,9
7859,10
7860,11
7861,12
7862,13
7863,14
7864,15
7865,16
7866,17
7867,18
7868,19
7869,20
7870,21
7871,22
7872,23
7873,24
7874,25
7875,26
7876,27
7877,28
7878,29
7879,30
7880,31
7881,32
7882,33
7883,34
7884,35
7885,36
7886,37
7887,38
7888,39
7889,40
7890,41
7891,42
7892,43
7893,44
7894,45
7895,46
7896,47
7897,48
7898,49
7899,50
7900,1
7901,2
7902,3
7903,4
7904,5
7905,6
7906,7
7907,8
7908,9
7909,10
7910,11
7911,12
7912,13
7913,14
7914,15
7915,16
7916,17
7917,18
7918,19
7919,20
7920,21
7921,22
7922,23
7923,24
7924,25
7925,26
7926,27
7927,28
7928,29
7929,30
7930,31
7931,32
7932,33
7933,34
7934,35
7935,36
7936,37
7937,38
7938,39
7939,40
7940,41
7941,42
7942,43
7943,44
7944,45
7945,46
7946,47
7947,48
7948,49
7949,50
7950,1
7951,2
7952,3
7953,4
7954,5
7955,6
7956,7
7957,8
7958,9
7959,10
7960,11
7961,12
7962,13
7963,14
7964,15
7965,16
7966,17
7967,18
7968,19
7969,20
7970,21
7971,22
7972,23
7973,24
7974,25
7975,26
7976,27
7977,28
7978,29
7979,30
7980,31
7981,32
7982,33
7983,34
7984,35
7985,36
7986,37
7987,38
7988,39
7989,40
7990,41
7991,42
7992,43
7993,44
7994,45
7995,46
7996,47
7997,48
7998,49
7999,50
8000,1
8001,2
8002,3
8003,4
8004,5
8005,6
8006,7
8007,8
8008,9
8009,10
8010,11
8011,12
8012,13
8013,14
8014,15
8015,16
8016,17
8017,18
8018,19
8019,20
8020,21
8021,22
8022,23
8023,24
8024,25
8025,26
8026,27
8027,28
8028,29
8029,30
8030,31
8031,32
8032,33
8033,34
8034,35
8035,36
8036,37
8037,38
8038,39
8039,40
8040,41
8041,42
8042,43
8043,44
8044,45
8045,46
8046,47
8047,48
8048,49
8049,50
8050,1
8051,2
8052,3
8053,4
8054,5
8055,6
8056,7
8057,8
8058,9
8059,10
8060,11
8061,12
8062,13
8063,14
8064,15
8065,16
8066,17
8067,18
8068,19
8069,20
8070,21
8071,22
8072,23
8073,24
8074,25
8075,26
8076,27
8077,28
8078,29
8079,30
8080,31
8081,32
8082,33
8083,34
8084,35
8085,36
8086,37
8087,38
8088,39
8089,40
8090,41
8091,42
8092,43
8093,44
8094,45
8095,46
8096,47
8097,48
8098,49
8099,50
8100,1
8101,2
8102,3
8103,4
8104,5
8105,6
8106,7
8107,8
8108,9
8109,10
8110,11
8111,12
8112,13
8113,14
8114,15
8115,16
8116,17
8117,18
8118,19
8119,20
8120,21
8121,22
8122,23
8123,24
8124,25
8125,26
8126,27
8127,28
8128,29
8129,30
8130,31
8131,32
8132,33
8133,34
8134,35
8135,36
8136,37
8137,38
8138,39
8139,40
8140,41
8141,42
8142,43
8143,44
8144,45
8145,46
8146,47
8147,48
8148,49
8149,50
8150,1
8151,2
8152,3
8153,4
8154,5
8155,6
8156,7
8157,8
8158,9
8159,10
8160,11
8161,12
8162,13
8163,14
8164,15
8165,16
8166,17
8167,18
8168,19
8169,20
8170,21
8171,22
8172,23
8173,24
8174,25
8175,26
8176,27
8177,28
8178,29
8179,30
8180,31
8181,32
8182,33
8183,34
8184,35
8185,36
8186,37
8187,38
8188,39
8189,40
8190,41
8191,42
8192,43
8193,44
8194,45
8195,46
8196,47
8197,48
8198,49
8199,50
8200,1
8201,2
8202,3
8203,4
8204,5
8205,6
8206,7
8207,8
8208,9
8209,10
8210,11
8211,12
8212,13
8213,14
8214,15
8215,16
8216,17
8217,18
8218,19
8219,20
8220,21
8221,22
8222,23
8223,24
8224,25
8225,26
8226,27
8227,28
8228,29
8229,30
8230,31
8231,32
8232,33
8233,34
8234,35
8235,36
8236,37
8237,38
8238,39
8239,40
8240,41
8241,42
8242,43
8243,44
8244,45
8245,46
8246,47
8247,48
8248,49
8249,50
8250,1
8251,2
8252,3
8253,4
8254,5
8255,6
8256,7
8257,8
8258,9
8259,10
8260,11
8261,12
8262,13
8263,14
8264,15
8265,16
8266,17
8267,18
8268,19
8269,20
8270,21
8271,22
8272,23
8273,24
8274,25
8275,26
8276,27
8277,28
8278,29
8279,30
8280,31
8281,32
8282,33
8283,34
8284,35
8285,36
8286,37
8287,38
8288,39
8289,40
8290,41
8291,42
8292,43
8293,44
8294,45
8295,46
8296,47
8297,48
8298,49
8299,50
8300,1
8301,2
8302,3
8303,4
8304,5
8305,6
8306,7
8307,8
8308,9
8309,10
8310,11
8311,12
8312,13
8313,14
8314,15
8315,16
8316,17
8317,18
8318,19
8319,20
8320,21
8321,22
8322,23
8323,24
8324,25
8325,26
8326,27
8327,28
8328,29
8329,30
8330,31
8331,32
8332,33
8333,34
8334,35
8335,36
8336,37
8337,38
8338,39
8339,40
8340,41
8341,42
8342,43
8343,44
8344,45
8345,46
8346,47
8347,48
8348,49
8349,50
8350,1
8351,2
8352,3
8353,4
8354,5
8355,6
8356,7
8357,8
8358,9
8359,10
8360,11
8361,12
8362,13
8363,14
8364,15
8365,16
8366,17
8367,18
8368,19
8369,20
8370,21
8371,22
8372,23
8373,24
8374,25
8375,26
8376,27
8377,28
8378,29
8379,30
8380,31
8381,32
8382,33
8383,34
8384,35
8385,36
8386,37
8387,38
8388,39
8389,40
8390,41
8391,42
8392,43
8393,44
8394,45
8395,46
8396,47
8397,48
8398,49
8399,50
8400,1
8401,2
8402,3
8403,4
8404,5
8405,6
8406,7
8407,8
8408,9
8409,10
8410,11
8411,12
8412,13
8413,14
8414,15
8415,16
8416,17
8417,18
8418,19
8419,20
8420,21
8421,22
8422,23
8423,24
8424,25
8425,26
8426,27
8427,28
8428,29
8429,30
8430,31
8431,32
8432,33
8433,34
8434,35
8435,36
8436,37
8437,38
8438,39
8439,40
8440,41
8441,42
8442,43
8443,44
8444,45
8445,46
8446,47
8447,48
8448,49
8449,50
8450,1
8451,2
8452,3
8453,4
8454,5
8455,6
8456,7
8457,8
8458,9
8459,10
8460,11
8461,12
8462,13
8463,14
8464,15
8465,16
8466,17
8467,18
8468,19
8469,20
8470,21
8471,22
8472,23
8473,24
8474,25
8475,26
8476,27
8477,28
8478,29
8479,30
8480,31
8481,32
8482,33
8483,34
8484,35
8485,36
8486,37
8487,38
8488,39
8489,40
8490,41
8491,42
8492,43
8493,44
8494,45
8495,46
8496,47
8497,48
8498,49
8499,50
8500,1
8501,2
8502,3
8503,4
8504,5
8505,6
8506,7
8507,8
8508,9
8509,10
8510,11
8511,12
8512,13
8513,14
8514,15
8515,16
8516,17
8517,18
8518,19
8519,20
8520,21
8521,22
8522,23
8523,24
8524,25
8525,26
8526,27
8527,28
8528,29
8529,30
8530,31
8531,32
8532,33
8533,34
8534,35
8535,36
8536,37
8537,38
8538,39
8539,40
8540,41
8541,42
8542,43
8543,44
8544,45
8545,46
8546,47
8547,48
8548,49
8549,50
8550,1
8551,2
8552,3
8553,4
8554,5
8555,6
8556,7
8557,8
8558,9
8559,10
8560,11
8561,12
8562,13
8563,14
8564,15
8565,16
8566,17
8567,18
8568,19
8569,20
8570,21
8571,22
8572,23
8573,24
8574,25
8575,26
8576,27
8577,28
8578,29
8579,30
8580,31
8581,32
8582,33
8583,34
8584,35
8585,36
8586,37
8587,38
8588,39
8589,40
8590,41
8591,42
8592,43
8593,44
8594,45
8595,46
8596,47
8597,48
8598,49
8599,50
8600,1
8601,2
8602,3
8603,4
8604,5
8605,6
8606,7
8607,8
8608,9
8609,10
8610,11
8611,12
8612,13
8613,14
8614,15
8615,16
8616,17
8617,18
8618,19
8619,20
8620,21
8621,22
8622,23
8623,24
